FamilyID,Children,Father,Mother,Child,Height
1,4,78.5,67,Son,73.2
1,4,78.5,67,Daughter,69.2
1,4,78.5,67,Daughter,69
1,4,78.5,67,Daughter,69
2,4,75.5,66.5,Son,73.5
2,4,75.5,66.5,Son,72.5
2,4,75.5,66.5,Daughter,65.5
2,4,75.5,66.5,Daughter,65.5
3,2,75,64,Son,71
3,2,75,64,Daughter,68
4,5,75,64,Son,70.5
4,5,75,64,Son,68.5
4,5,75,64,Daughter,67
4,5,75,64,Daughter,64.5
4,5,75,64,Daughter,63
5,6,75,58.5,Son,72
5,6,75,58.5,Son,69
5,6,75,58.5,Son,68
5,6,75,58.5,Daughter,66.5
5,6,75,58.5,Daughter,62.5
5,6,75,58.5,Daughter,62.5
6,1,74,68,Daughter,69.5
7,6,74,68,Son,76.5
7,6,74,68,Son,74
7,6,74,68,Son,73
7,6,74,68,Son,73
7,6,74,68,Daughter,70.5
7,6,74,68,Daughter,64
8,3,74,66.5,Daughter,70.5
8,3,74,66.5,Daughter,68
8,3,74,66.5,Daughter,66
9,1,74.5,66,Daughter,66
10,1,74,65.5,Daughter,65.5
11,8,74,62,Son,74
11,8,74,62,Son,70
11,8,74,62,Daughter,68
11,8,74,62,Daughter,67
11,8,74,62,Daughter,67
11,8,74,62,Daughter,66
11,8,74,62,Daughter,63.5
11,8,74,62,Daughter,63
12,1,74,61,Daughter,65
14,2,73,67,Son,68
14,2,73,67,Son,67
15,3,73,66.5,Son,71
15,3,73,66.5,Son,70.5
15,3,73,66.5,Daughter,66.7
16,9,73,65,Son,72
16,9,73,65,Son,70.5
16,9,73,65,Son,70.2
16,9,73,65,Son,70.2
16,9,73,65,Son,69.2
16,9,73,65,Daughter,68.7
16,9,73,65,Daughter,66.5
16,9,73,65,Daughter,64.5
16,9,73,65,Daughter,63.5
17,6,73,64.5,Son,74
17,6,73,64.5,Son,73
17,6,73,64.5,Son,71.5
17,6,73,64.5,Son,62.5
17,6,73,64.5,Daughter,66.5
17,6,73,64.5,Daughter,62.3
18,3,73,64,Daughter,66
18,3,73,64,Daughter,64.5
18,3,73,64,Daughter,64
19,1,73.2,63,Daughter,62.7
20,8,72.7,69,Son,73.2
20,8,72.7,69,Son,73
20,8,72.7,69,Son,72.7
20,8,72.7,69,Daughter,70
20,8,72.7,69,Daughter,69
20,8,72.7,69,Daughter,68.5
20,8,72.7,69,Daughter,68
20,8,72.7,69,Daughter,66
21,3,72,68,Son,73
21,3,72,68,Daughter,68.5
21,3,72,68,Daughter,68
22,3,72,67,Son,73
22,3,72,67,Son,71
22,3,72,67,Daughter,67
23,7,72,65,Son,74.2
23,7,72,65,Son,70.5
23,7,72,65,Son,69.5
23,7,72,65,Daughter,66
23,7,72,65,Daughter,65.5
23,7,72,65,Daughter,65
23,7,72,65,Daughter,65
24,1,72,65.5,Daughter,65.5
25,2,72,64,Daughter,66
25,2,72,64,Daughter,63
26,5,72,63,Son,70.5
26,5,72,63,Son,70.5
26,5,72,63,Son,69
26,5,72,63,Daughter,65
26,5,72,63,Daughter,63
27,3,72,63,Son,69
27,3,72,63,Son,67
27,3,72,63,Daughter,63
28,6,72,63,Son,73
28,6,72,63,Son,67
28,6,72,63,Daughter,70.5
28,6,72,63,Daughter,70
28,6,72,63,Daughter,66.5
28,6,72,63,Daughter,63
29,3,72.5,63.5,Daughter,67.5
29,3,72.5,63.5,Daughter,67.2
29,3,72.5,63.5,Daughter,66.7
30,1,72,62,Daughter,64
31,6,72.5,62,Son,71
31,6,72.5,62,Son,70
31,6,72.5,62,Son,70
31,6,72.5,62,Daughter,66
31,6,72.5,62,Daughter,65
31,6,72.5,62,Daughter,65
32,5,72,62,Son,74
32,5,72,62,Son,72
32,5,72,62,Son,69
32,5,72,62,Daughter,67.5
32,5,72,62,Daughter,63.5
33,5,72,62,Son,72
33,5,72,62,Son,71.5
33,5,72,62,Son,71.5
33,5,72,62,Son,70
33,5,72,62,Daughter,68
34,1,72,61,Daughter,65.7
35,5,71,69,Son,78
35,5,71,69,Son,74
35,5,71,69,Son,73
35,5,71,69,Son,72
35,5,71,69,Daughter,67
36,4,71,67,Son,73.2
36,4,71,67,Son,73
36,4,71,67,Son,69
36,4,71,67,Daughter,67
37,4,71,66,Son,70
37,4,71,66,Daughter,67
37,4,71,66,Daughter,67
37,4,71,66,Daughter,66.5
38,6,71,66,Son,70
38,6,71,66,Son,69
38,6,71,66,Son,68.5
38,6,71,66,Daughter,66
38,6,71,66,Daughter,64.5
38,6,71,66,Daughter,63
39,2,71,66,Son,71
39,2,71,66,Daughter,67
40,5,71,66,Son,76
40,5,71,66,Son,72
40,5,71,66,Son,71
40,5,71,66,Son,66
40,5,71,66,Daughter,66
41,1,71.7,65.5,Son,70.5
42,6,71,65.5,Son,72
42,6,71,65.5,Son,72
42,6,71,65.5,Son,71
42,6,71,65.5,Son,69
42,6,71,65.5,Daughter,66
42,6,71,65.5,Daughter,65
43,2,71.5,65.5,Son,73
43,2,71.5,65.5,Daughter,65.2
44,2,71.5,65,Son,68.5
44,2,71.5,65,Son,67.7
45,3,71,65,Son,68
45,3,71,65,Son,68
45,3,71,65,Daughter,62
46,8,71,64,Daughter,68
46,8,71,64,Daughter,68
46,8,71,64,Daughter,67.5
46,8,71,64,Daughter,66.5
46,8,71,64,Daughter,66.5
46,8,71,64,Daughter,66
46,8,71,64,Daughter,65.5
46,8,71,64,Daughter,65
47,4,71.7,64.5,Son,72
47,4,71.7,64.5,Son,71
47,4,71.7,64.5,Son,70.5
47,4,71.7,64.5,Daughter,67
48,3,71,64,Son,68
48,3,71,64,Son,68
48,3,71,64,Son,68
49,7,71.5,64.5,Son,72
49,7,71.5,64.5,Son,71
49,7,71.5,64.5,Son,70
49,7,71.5,64.5,Daughter,66
49,7,71.5,64.5,Daughter,64.5
49,7,71.5,64.5,Daughter,64.5
49,7,71.5,64.5,Daughter,62
51,2,71.2,63,Daughter,67.5
51,2,71.2,63,Daughter,64.5
52,5,71,63.5,Son,71
52,5,71,63.5,Son,67
52,5,71,63.5,Daughter,66
52,5,71,63.5,Daughter,65
52,5,71,63.5,Daughter,63.5
53,9,71,63,Son,71
53,9,71,63,Son,70
53,9,71,63,Son,70
53,9,71,63,Son,64
53,9,71,63,Daughter,65
53,9,71,63,Daughter,65
53,9,71,63,Daughter,64
53,9,71,63,Daughter,63
53,9,71,63,Daughter,63
54,4,71,63,Son,71
54,4,71,63,Son,71
54,4,71,63,Son,70
54,4,71,63,Daughter,63.5
55,5,71,62,Son,71
55,5,71,62,Son,70
55,5,71,62,Daughter,64.5
55,5,71,62,Daughter,62.5
55,5,71,62,Daughter,61.5
56,5,71,62,Son,72
56,5,71,62,Son,70.5
56,5,71,62,Son,70.5
56,5,71,62,Daughter,64.5
56,5,71,62,Daughter,60
57,5,71,62.5,Son,70
57,5,71,62.5,Daughter,64
57,5,71,62.5,Daughter,64
57,5,71,62.5,Daughter,64
57,5,71,62.5,Daughter,62.5
58,7,71,62,Son,70.5
58,7,71,62,Son,70
58,7,71,62,Son,69
58,7,71,62,Son,69
58,7,71,62,Son,66
58,7,71,62,Daughter,64.5
58,7,71,62,Daughter,64
59,1,71,61,Daughter,62
60,2,71,58,Son,71.5
60,2,71,58,Son,69
61,4,70,69,Son,71
61,4,70,69,Son,70
61,4,70,69,Son,69
61,4,70,69,Daughter,69
62,6,70,69,Son,70
62,6,70,69,Son,68.7
62,6,70,69,Daughter,68
62,6,70,69,Daughter,66
62,6,70,69,Daughter,64
62,6,70,69,Daughter,62
63,1,70,68,Son,75
64,5,70,67,Son,70
64,5,70,67,Son,69
64,5,70,67,Daughter,66
64,5,70,67,Daughter,64
64,5,70,67,Daughter,60
65,1,70,67,Daughter,67.5
66,11,70,66.5,Son,73
66,11,70,66.5,Son,72
66,11,70,66.5,Son,72
66,11,70,66.5,Son,66.5
66,11,70,66.5,Daughter,69.2
66,11,70,66.5,Daughter,67.2
66,11,70,66.5,Daughter,66.5
66,11,70,66.5,Daughter,66
66,11,70,66.5,Daughter,66
66,11,70,66.5,Daughter,64.2
66,11,70,66.5,Daughter,63.7
67,4,70.5,65,Son,72
67,4,70.5,65,Son,70.2
67,4,70.5,65,Son,69
67,4,70.5,65,Son,68.5
68,5,70.5,65,Daughter,68
68,5,70.5,65,Daughter,65
68,5,70.5,65,Daughter,61.5
68,5,70.5,65,Daughter,61
68,5,70.5,65,Daughter,61
69,8,70,65,Son,73
69,8,70,65,Son,72
69,8,70,65,Son,70.5
69,8,70,65,Son,65
69,8,70,65,Son,65
69,8,70,65,Daughter,64.5
69,8,70,65,Daughter,63
69,8,70,65,Daughter,62
70,5,70,65,Son,67
70,5,70,65,Son,65
70,5,70,65,Daughter,64.5
70,5,70,65,Daughter,62.5
70,5,70,65,Daughter,62.5
71,6,70,65,Son,70
71,6,70,65,Son,70
71,6,70,65,Daughter,67
71,6,70,65,Daughter,65
71,6,70,65,Daughter,65
71,6,70,65,Daughter,63
72,7,70,65,Son,79
72,7,70,65,Son,75
72,7,70,65,Son,71
72,7,70,65,Daughter,69
72,7,70,65,Daughter,67
72,7,70,65,Daughter,65.7
72,7,70,65,Daughter,62
73,3,70,65,Son,73
73,3,70,65,Son,72.5
73,3,70,65,Daughter,65
74,2,70,65,Son,69
74,2,70,65,Son,69
75,7,70,64.7,Son,72
75,7,70,64.7,Son,70
75,7,70,64.7,Son,68.7
75,7,70,64.7,Daughter,66.5
75,7,70,64.7,Daughter,65.5
75,7,70,64.7,Daughter,64.7
75,7,70,64.7,Daughter,64.5
76,7,70,64,Son,70.7
76,7,70,64,Son,70
76,7,70,64,Son,68
76,7,70,64,Son,67
76,7,70,64,Son,66
76,7,70,64,Son,65
76,7,70,64,Daughter,67
77,4,70,64,Son,70
77,4,70,64,Son,68
77,4,70,64,Son,66.7
77,4,70,64,Daughter,65.5
78,5,70,64.2,Son,72
78,5,70,64.2,Son,70
78,5,70,64.2,Daughter,62.5
78,5,70,64.2,Daughter,61.2
78,5,70,64.2,Daughter,60.1
79,8,70.5,64,Son,74
79,8,70.5,64,Son,69.5
79,8,70.5,64,Son,69
79,8,70.5,64,Son,68
79,8,70.5,64,Son,68
79,8,70.5,64,Son,68
79,8,70.5,64,Daughter,65.5
79,8,70.5,64,Daughter,65
80,1,70.5,64.5,Daughter,60
81,4,70,64,Son,68
81,4,70,64,Daughter,65
81,4,70,64,Daughter,64
81,4,70,64,Daughter,62
82,9,70,64,Son,71
82,9,70,64,Son,70
82,9,70,64,Son,70
82,9,70,64,Son,70
82,9,70,64,Son,69.5
82,9,70,64,Son,68.5
82,9,70,64,Daughter,69
82,9,70,64,Daughter,65
82,9,70,64,Daughter,64
83,8,70,63.7,Son,70
83,8,70,63.7,Son,67
83,8,70,63.7,Son,65.5
83,8,70,63.7,Daughter,63.7
83,8,70,63.7,Daughter,63.2
83,8,70,63.7,Daughter,62.5
83,8,70,63.7,Daughter,62.2
83,8,70,63.7,Daughter,61
85,5,70.5,63,Son,72.5
85,5,70.5,63,Son,69
85,5,70.5,63,Son,67
85,5,70.5,63,Daughter,64.5
85,5,70.5,63,Daughter,64
86,4,70,63.5,Son,71
86,4,70,63.5,Son,67.5
86,4,70,63.5,Daughter,67.5
86,4,70,63.5,Daughter,63.5
87,4,70,63,Son,68
87,4,70,63,Son,67
87,4,70,63,Daughter,63.7
87,4,70,63,Daughter,62
88,4,70,63,Son,70
88,4,70,63,Son,66.5
88,4,70,63,Daughter,62
88,4,70,63,Daughter,61
89,8,70.5,62,Son,72
89,8,70.5,62,Son,70
89,8,70.5,62,Son,69.5
89,8,70.5,62,Son,69.5
89,8,70.5,62,Son,68
89,8,70.5,62,Daughter,65
89,8,70.5,62,Daughter,64
89,8,70.5,62,Daughter,63
90,7,70.3,62.7,Son,70.7
90,7,70.3,62.7,Son,69.7
90,7,70.3,62.7,Son,69.2
90,7,70.3,62.7,Son,65.2
90,7,70.3,62.7,Daughter,64
90,7,70.3,62.7,Daughter,63.5
90,7,70.3,62.7,Daughter,63.2
91,3,70.5,62,Son,72
91,3,70.5,62,Son,72
91,3,70.5,62,Daughter,60
92,2,70,61,Son,71.2
92,2,70,61,Son,67
93,4,70,60,Son,67
93,4,70,60,Son,64.5
93,4,70,60,Daughter,65
93,4,70,60,Daughter,63
94,2,70,60,Daughter,65
94,2,70,60,Daughter,65
95,3,70,58.5,Son,71.5
95,3,70,58.5,Son,64.5
95,3,70,58.5,Daughter,63
96,5,70,58,Son,72
96,5,70,58,Son,66
96,5,70,58,Daughter,66
96,5,70,58,Daughter,65
96,5,70,58,Daughter,63
97,10,69,68.5,Son,75
97,10,69,68.5,Son,71
97,10,69,68.5,Son,70
97,10,69,68.5,Daughter,66
97,10,69,68.5,Daughter,66
97,10,69,68.5,Daughter,65.5
97,10,69,68.5,Daughter,65
97,10,69,68.5,Daughter,65
97,10,69,68.5,Daughter,64
97,10,69,68.5,Daughter,64
98,1,69,67,Daughter,64
99,8,69,66,Son,73
99,8,69,66,Son,72
99,8,69,66,Son,71.7
99,8,69,66,Son,71.5
99,8,69,66,Daughter,65.5
99,8,69,66,Daughter,65
99,8,69,66,Daughter,62.7
99,8,69,66,Daughter,62.5
100,3,69,66,Son,71.2
100,3,69,66,Son,71
100,3,69,66,Son,70
101,4,69,66.7,Son,75
101,4,69,66.7,Son,74
101,4,69,66.7,Son,72
101,4,69,66.7,Son,68.5
102,6,69,66,Son,70
102,6,69,66,Son,68.5
102,6,69,66,Son,68
102,6,69,66,Daughter,65
102,6,69,66,Daughter,63
102,6,69,66,Daughter,62.5
103,7,69,66.5,Son,73
103,7,69,66.5,Son,71
103,7,69,66.5,Son,70.5
103,7,69,66.5,Son,70.5
103,7,69,66.5,Daughter,61
103,7,69,66.5,Son,67
103,7,69,66.5,Son,66
104,4,69.5,66.5,Son,70.5
104,4,69.5,66.5,Son,67.5
104,4,69.5,66.5,Daughter,64.5
104,4,69.5,66.5,Daughter,64
105,6,69,66.5,Son,71
105,6,69,66.5,Daughter,68.5
105,6,69,66.5,Daughter,67.5
105,6,69,66.5,Daughter,66
105,6,69,66.5,Daughter,63
105,6,69,66.5,Daughter,63
106,7,69.5,66,Son,71
106,7,69.5,66,Son,71
106,7,69.5,66,Son,70.5
106,7,69.5,66,Son,70.5
106,7,69.5,66,Daughter,66.5
106,7,69.5,66,Daughter,65.5
106,7,69.5,66,Daughter,64.5
107,9,69,66,Son,73
107,9,69,66,Son,72
107,9,69,66,Son,69
107,9,69,66,Son,69
107,9,69,66,Daughter,66.5
107,9,69,66,Daughter,65.5
107,9,69,66,Daughter,65.5
107,9,69,66,Daughter,65
107,9,69,66,Daughter,64
108,7,69,65,Son,70
108,7,69,65,Son,68.5
108,7,69,65,Son,67
108,7,69,65,Daughter,65
108,7,69,65,Daughter,64
108,7,69,65,Daughter,63.5
108,7,69,65,Daughter,61
109,7,69.5,64.5,Son,69.7
109,7,69.5,64.5,Son,68
109,7,69.5,64.5,Son,60
109,7,69.5,64.5,Daughter,65.2
109,7,69.5,64.5,Daughter,64.5
109,7,69.5,64.5,Daughter,63.7
109,7,69.5,64.5,Daughter,60
110,4,69.2,64,Son,71.7
110,4,69.2,64,Son,66.5
110,4,69.2,64,Daughter,65
110,4,69.2,64,Daughter,63.5
112,3,69,63,Son,69
112,3,69,63,Daughter,67.5
112,3,69,63,Daughter,63.5
113,1,69,63,Son,72
114,6,69,63,Son,73
114,6,69,63,Son,70
114,6,69,63,Son,70
114,6,69,63,Son,64
114,6,69,63,Daughter,66
114,6,69,63,Daughter,62
115,7,69,63.5,Son,70.5
115,7,69,63.5,Son,67
115,7,69,63.5,Son,66
115,7,69,63.5,Daughter,65
115,7,69,63.5,Daughter,63
115,7,69,63.5,Daughter,62
115,7,69,63.5,Daughter,61
116,3,69,63.5,Son,70.5
116,3,69,63.5,Daughter,63.7
116,3,69,63.5,Daughter,63
117,1,69.7,62,Daughter,62.5
118,3,69.5,62,Son,73
118,3,69.5,62,Son,72
118,3,69.5,62,Son,69
119,5,69,62,Son,73
119,5,69,62,Son,71
119,5,69,62,Son,71
119,5,69,62,Son,69
119,5,69,62,Daughter,63
121,8,69,62.5,Son,71
121,8,69,62.5,Son,70
121,8,69,62.5,Son,70
121,8,69,62.5,Son,69
121,8,69,62.5,Daughter,63.5
121,8,69,62.5,Daughter,62.5
121,8,69,62.5,Daughter,62.5
121,8,69,62.5,Daughter,62
122,4,69,62,Son,72
122,4,69,62,Son,68
122,4,69,62,Daughter,66
122,4,69,62,Daughter,66
123,5,69.5,61,Son,70
123,5,69.5,61,Son,69.5
123,5,69.5,61,Son,69
123,5,69.5,61,Daughter,63
123,5,69.5,61,Daughter,62
124,9,69,61,Son,68
124,9,69,61,Son,68
124,9,69,61,Son,67.5
124,9,69,61,Son,64
124,9,69,61,Son,63
124,9,69,61,Son,63
124,9,69,61,Daughter,63.5
124,9,69,61,Daughter,62
124,9,69,61,Daughter,62
125,3,69,60,Son,70.5
125,3,69,60,Daughter,68
125,3,69,60,Daughter,62.5
126,4,69,60,Son,69
126,4,69,60,Son,66
126,4,69,60,Daughter,61.7
126,4,69,60,Daughter,60.5
127,1,69,60.5,Son,69.5
128,2,68.7,70.5,Son,71
128,2,68.7,70.5,Daughter,61.7
129,3,68.5,67,Son,73
129,3,68.5,67,Son,71
129,3,68.5,67,Daughter,67
130,11,68.5,66.5,Son,70
130,11,68.5,66.5,Son,69
130,11,68.5,66.5,Son,69
130,11,68.5,66.5,Son,68.7
130,11,68.5,66.5,Son,68.5
130,11,68.5,66.5,Son,68.5
130,11,68.5,66.5,Son,68
130,11,68.5,66.5,Son,68
130,11,68.5,66.5,Son,68
130,11,68.5,66.5,Daughter,63.2
131,2,68,65,Son,67.5
131,2,68,65,Son,66
132,2,68,65.5,Son,66
132,2,68,65.5,Daughter,64
133,7,68,65.5,Son,71.7
133,7,68,65.5,Son,71.5
133,7,68,65.5,Son,70.7
133,7,68,65.5,Son,65.5
133,7,68,65.5,Daughter,66.5
133,7,68,65.5,Daughter,65.2
133,7,68,65.5,Daughter,61.5
134,4,68,65,Son,72
134,4,68,65,Son,72
134,4,68,65,Daughter,68
134,4,68,65,Daughter,66
135,8,68.5,65,Son,69.2
135,8,68.5,65,Son,68
135,8,68.5,65,Son,66
135,8,68.5,65,Son,66
135,8,68.5,65,Daughter,62
135,8,68.5,65,Daughter,61.5
135,8,68.5,65,Daughter,61
135,8,68.5,65,Daughter,60
136,10,68,64,Son,71
136,10,68,64,Son,68
136,10,68,64,Son,68
136,10,68,64,Son,67
136,10,68,64,Daughter,65
136,10,68,64,Daughter,64
136,10,68,64,Daughter,63
136,10,68,64,Daughter,63
136,10,68,64,Daughter,62
136,10,68,64,Daughter,61
137,4,68,64,Son,66
137,4,68,64,Son,63
137,4,68,64,Daughter,65.5
137,4,68,64,Daughter,62
138,5,68,64,Son,71.2
138,5,68,64,Son,71.2
138,5,68,64,Son,69
138,5,68,64,Son,68.5
138,5,68,64,Daughter,62.5
139,1,68,64.5,Daughter,62
140,10,68,64,Son,69
140,10,68,64,Son,67
140,10,68,64,Son,66
140,10,68,64,Daughter,66
140,10,68,64,Daughter,66
140,10,68,64,Daughter,65
140,10,68,64,Daughter,65
140,10,68,64,Daughter,65
140,10,68,64,Daughter,64
140,10,68,64,Daughter,63
141,8,68,63,Son,70.5
141,8,68,63,Son,70
141,8,68,63,Son,68
141,8,68,63,Son,66
141,8,68,63,Son,66
141,8,68,63,Daughter,66
141,8,68,63,Daughter,62
141,8,68,63,Daughter,61.5
142,4,68.5,63.5,Son,73.5
142,4,68.5,63.5,Son,70
142,4,68.5,63.5,Son,69.5
142,4,68.5,63.5,Daughter,65.5
143,1,68,63,Son,67
144,4,68,63,Son,70
144,4,68,63,Son,68
144,4,68,63,Daughter,64.5
144,4,68,63,Daughter,64
145,8,68,63,Son,71
145,8,68,63,Son,68
145,8,68,63,Son,66
145,8,68,63,Son,65.5
145,8,68,63,Son,65
145,8,68,63,Daughter,63
145,8,68,63,Daughter,62
145,8,68,63,Daughter,62
146,6,68,63,Son,67
146,6,68,63,Son,67
146,6,68,63,Son,66
146,6,68,63,Daughter,64
146,6,68,63,Daughter,63.5
146,6,68,63,Daughter,61
147,1,68.5,63.5,Son,68.2
148,1,68,63,Son,70
149,5,68.2,63.5,Son,70
149,5,68.2,63.5,Son,69
149,5,68.2,63.5,Son,67
149,5,68.2,63.5,Son,65.5
149,5,68.2,63.5,Daughter,64.5
150,1,68,62.5,Son,68.5
151,2,68.7,62,Son,67.7
151,2,68.7,62,Daughter,61.7
152,1,68,62.5,Son,66.5
153,5,68,61,Son,68.5
153,5,68,61,Son,68
153,5,68,61,Son,64
153,5,68,61,Daughter,63.5
153,5,68,61,Daughter,63
154,1,68,60.2,Son,66.7
155,7,68,60,Son,64
155,7,68,60,Daughter,61
155,7,68,60,Daughter,61
155,7,68,60,Daughter,60
155,7,68,60,Daughter,60
155,7,68,60,Daughter,60
155,7,68,60,Daughter,56
156,4,68,60,Son,67.5
156,4,68,60,Son,67
156,4,68,60,Son,66.5
156,4,68,60,Daughter,60
157,1,68.5,59,Son,69
158,10,68,59,Son,68
158,10,68,59,Son,65
158,10,68,59,Son,64.7
158,10,68,59,Son,64
158,10,68,59,Son,64
158,10,68,59,Son,63
158,10,68,59,Daughter,65
158,10,68,59,Daughter,65
158,10,68,59,Daughter,62
158,10,68,59,Daughter,61
159,5,67,66.2,Son,72.7
159,5,67,66.2,Son,72.7
159,5,67,66.2,Son,71.5
159,5,67,66.2,Daughter,65.5
159,5,67,66.2,Daughter,63.5
160,1,67,66.5,Son,71
162,6,67,65,Son,69.7
162,6,67,65,Son,67.5
162,6,67,65,Daughter,65.5
162,6,67,65,Daughter,65
162,6,67,65,Daughter,64.5
162,6,67,65,Daughter,63.5
163,5,67,65.5,Son,70
163,5,67,65.5,Son,69
163,5,67,65.5,Daughter,65.5
163,5,67,65.5,Daughter,65.5
163,5,67,65.5,Daughter,63
164,4,67,65.5,Son,70
164,4,67,65.5,Son,67.7
164,4,67,65.5,Daughter,63
164,4,67,65.5,Daughter,60
165,3,67,65,Son,65
165,3,67,65,Daughter,62
165,3,67,65,Daughter,62
166,11,67.5,65,Son,71
166,11,67.5,65,Son,69
166,11,67.5,65,Daughter,64
166,11,67.5,65,Daughter,64
166,11,67.5,65,Daughter,63
166,11,67.5,65,Daughter,63
166,11,67.5,65,Daughter,63
166,11,67.5,65,Daughter,63
166,11,67.5,65,Daughter,63
166,11,67.5,65,Daughter,62.5
166,11,67.5,65,Daughter,62
167,4,67,64,Son,71.5
167,4,67,64,Son,70
167,4,67,64,Son,67
167,4,67,64,Son,67
168,8,67,63.5,Son,71
168,8,67,63.5,Son,70.2
168,8,67,63.5,Son,69.2
168,8,67,63.5,Son,68.5
168,8,67,63.5,Son,68
168,8,67,63.5,Son,67
168,8,67,63.5,Son,65.5
168,8,67,63.5,Daughter,63.5
169,3,67,63,Son,69
169,3,67,63,Son,68
169,3,67,63,Daughter,63
170,5,67.5,62,Son,70
170,5,67.5,62,Son,69.5
170,5,67.5,62,Son,69
170,5,67.5,62,Son,68.5
170,5,67.5,62,Daughter,66
171,1,67,61,Son,67
172,8,66,67,Son,70.5
172,8,66,67,Son,70.5
172,8,66,67,Son,67
172,8,66,67,Son,66
172,8,66,67,Son,66
172,8,66,67,Daughter,62
172,8,66,67,Daughter,62
172,8,66,67,Daughter,61.5
173,9,66,67,Son,72
173,9,66,67,Son,65
173,9,66,67,Son,65
173,9,66,67,Daughter,67
173,9,66,67,Daughter,64
173,9,66,67,Daughter,64
173,9,66,67,Daughter,62
173,9,66,67,Daughter,60
173,9,66,67,Daughter,60
174,5,66,66,Son,66
174,5,66,66,Son,65
174,5,66,66,Daughter,67
174,5,66,66,Daughter,66.5
174,5,66,66,Daughter,65.5
175,6,66,66,Son,72
175,6,66,66,Son,68
175,6,66,66,Daughter,66
175,6,66,66,Daughter,65
175,6,66,66,Daughter,62
175,6,66,66,Daughter,61
176,8,66.5,65,Son,68.7
176,8,66.5,65,Son,68.5
176,8,66.5,65,Son,66.5
176,8,66.5,65,Son,64.5
176,8,66.5,65,Daughter,62.5
176,8,66.5,65,Daughter,60.5
176,8,66.5,65,Daughter,60.5
176,8,66.5,65,Daughter,57.5
177,5,66,65.5,Son,72
177,5,66,65.5,Son,71
177,5,66,65.5,Son,67
177,5,66,65.5,Daughter,66
177,5,66,65.5,Daughter,65
178,1,66,63,Son,70
179,2,66,63.5,Daughter,64.5
179,2,66,63.5,Daughter,62
180,6,66.5,63,Son,67.2
180,6,66.5,63,Son,67
180,6,66.5,63,Son,65
180,6,66.5,63,Daughter,65
180,6,66.5,63,Daughter,65
180,6,66.5,63,Daughter,63
181,7,66.5,62.5,Son,70
181,7,66.5,62.5,Son,68
181,7,66.5,62.5,Daughter,63.5
181,7,66.5,62.5,Daughter,62.5
181,7,66.5,62.5,Daughter,62.5
181,7,66.5,62.5,Daughter,62.5
181,7,66.5,62.5,Daughter,62.5
182,1,66,61.5,Son,70
183,4,66,60,Son,68
183,4,66,60,Son,67
183,4,66,60,Son,65
183,4,66,60,Daughter,60
184,1,66,60,Son,65
185,15,66,59,Son,68
185,15,66,59,Son,67
185,15,66,59,Son,66.5
185,15,66,59,Son,66
185,15,66,59,Son,65.7
185,15,66,59,Son,65.5
185,15,66,59,Son,65
185,15,66,59,Daughter,65
185,15,66,59,Daughter,64
185,15,66,59,Daughter,63
185,15,66,59,Daughter,62
185,15,66,59,Daughter,61
185,15,66,59,Daughter,60
185,15,66,59,Daughter,58
185,15,66,59,Daughter,57
186,4,65,67,Son,66.5
186,4,65,67,Son,66
186,4,65,67,Son,66
186,4,65,67,Daughter,65
187,1,65,67,Daughter,63
188,4,65,66,Son,63
188,4,65,66,Daughter,63
188,4,65,66,Daughter,63
188,4,65,66,Daughter,60
190,9,65,65,Son,69
190,9,65,65,Son,68
190,9,65,65,Son,68
190,9,65,65,Daughter,65
190,9,65,65,Daughter,65
190,9,65,65,Daughter,62
190,9,65,65,Daughter,62
190,9,65,65,Daughter,61
190,9,65,65,Daughter,59
191,2,65,65.5,Son,70.7
191,2,65,65.5,Daughter,65.5
192,6,65,65,Son,69.2
192,6,65,65,Son,69
192,6,65,65,Son,68
192,6,65,65,Son,67.7
192,6,65,65,Daughter,64.5
192,6,65,65,Daughter,60.5
193,6,65,64,Son,67
193,6,65,64,Son,67
193,6,65,64,Daughter,64
193,6,65,64,Daughter,64
193,6,65,64,Daughter,62.5
193,6,65,64,Daughter,60.5
194,2,65,63,Son,70
194,2,65,63,Daughter,63
195,3,65,63,Son,66
195,3,65,63,Son,66
195,3,65,63,Daughter,63
196,4,65.5,63,Son,71
196,4,65.5,63,Son,71
196,4,65.5,63,Son,69
196,4,65.5,63,Daughter,63.5
197,5,65.5,60,Son,68
197,5,65.5,60,Son,68
197,5,65.5,60,Son,67
197,5,65.5,60,Son,67
197,5,65.5,60,Daughter,62
198,7,64,64,Son,71.5
198,7,64,64,Son,68
198,7,64,64,Daughter,65.5
198,7,64,64,Daughter,64
198,7,64,64,Daughter,62
198,7,64,64,Daughter,62
198,7,64,64,Daughter,61
199,7,64,64,Son,70.5
199,7,64,64,Son,68
199,7,64,64,Daughter,67
199,7,64,64,Daughter,65
199,7,64,64,Daughter,64
199,7,64,64,Daughter,64
199,7,64,64,Daughter,60
200,1,64,63,Son,64.5
201,2,64,60,Son,66
201,2,64,60,Daughter,60
203,3,62,66,Son,64
203,3,62,66,Daughter,62
203,3,62,66,Daughter,61
204,2,62.5,63,Son,66.5
204,2,62.5,63,Daughter,57
136A,8,68.5,65,Son,72
136A,8,68.5,65,Son,70.5
136A,8,68.5,65,Son,68.7
136A,8,68.5,65,Son,68.5
136A,8,68.5,65,Son,67.7
136A,8,68.5,65,Daughter,64
136A,8,68.5,65,Daughter,63.5
136A,8,68.5,65,Daughter,63
